Feature_type	Counts	percentage
MotifFeature	39	1.68685121107266
RegulatoryFeature	518	22.4048442906574
Transcript	1755	75.9083044982699
